title,link
BILLY,https://www.ikea.com/in/en/p/billy-bookcase-black-oak-effect-20477341/
BILLY,https://www.ikea.com/in/en/p/billy-bookcase-white-90522038/
BILLY / OXBERG,https://www.ikea.com/in/en/p/billy-oxberg-bookcase-with-glass-doors-black-oak-effect-s59483628/
BILLY,https://www.ikea.com/in/en/p/billy-bookcase-white-30522041/
BILLY / OXBERG,https://www.ikea.com/in/en/p/billy-oxberg-bookcase-with-panel-glass-doors-black-oak-effect-s59483633/
BILLY,https://www.ikea.com/in/en/p/billy-bookcase-combination-crnr-solution-white-s99545342/
BAGGEBO,https://www.ikea.com/in/en/p/baggebo-shelving-unit-metal-white-60483873/
BAGGEBO,https://www.ikea.com/in/en/p/baggebo-cabinet-with-door-white-70483882/
BILLY / OXBERG,https://www.ikea.com/in/en/p/billy-oxberg-bookcase-combination-w-glass-doors-black-oak-effect-s29483743/
BILLY,https://www.ikea.com/in/en/p/billy-bookcase-white-70522044/
BRIMNES,https://www.ikea.com/in/en/p/brimnes-bookcase-white-10351686/
BILLY / OXBERG,https://www.ikea.com/in/en/p/billy-oxberg-bookcase-with-panel-glass-door-white-glass-s79528348/
KALLAX,https://www.ikea.com/in/en/p/kallax-shelving-unit-white-20351884/
HEMNES,https://www.ikea.com/in/en/p/hemnes-glass-door-cabinet-with-3-drawers-grey-green-light-brown-stained-80596162/
KALLAX,https://www.ikea.com/in/en/p/kallax-shelving-unit-with-underframe-dark-green-black-s89569692/
LERBERG,https://www.ikea.com/in/en/p/lerberg-shelf-unit-dark-grey-60186401/
BILLY / OXBERG,https://www.ikea.com/in/en/p/billy-oxberg-bookcase-with-glass-door-white-glass-s59545358/
BILLY / OXBERG,https://www.ikea.com/in/en/p/billy-oxberg-bookcase-with-doors-white-s49528340/
KALLAX / LINNMON,https://www.ikea.com/in/en/p/kallax-linnmon-desk-combination-white-s09483447/
KALLAX,https://www.ikea.com/in/en/p/kallax-shelving-unit-white-60351882/
HYLLIS,https://www.ikea.com/in/en/p/hyllis-shelving-unit-in-outdoor-10428327/
BILLY / OXBERG,https://www.ikea.com/in/en/p/billy-oxberg-bookcase-with-door-white-s09528342/
BILLY,https://www.ikea.com/in/en/p/billy-bookcase-black-oak-effect-20477341/
BILLY,https://www.ikea.com/in/en/p/billy-bookcase-white-90522038/
BILLY / OXBERG,https://www.ikea.com/in/en/p/billy-oxberg-bookcase-with-glass-doors-black-oak-effect-s59483628/
BILLY,https://www.ikea.com/in/en/p/billy-bookcase-white-30522041/
BILLY / OXBERG,https://www.ikea.com/in/en/p/billy-oxberg-bookcase-with-panel-glass-doors-black-oak-effect-s59483633/
BILLY,https://www.ikea.com/in/en/p/billy-bookcase-combination-crnr-solution-white-s99545342/
BAGGEBO,https://www.ikea.com/in/en/p/baggebo-shelving-unit-metal-white-60483873/
BAGGEBO,https://www.ikea.com/in/en/p/baggebo-cabinet-with-door-white-70483882/
BILLY / OXBERG,https://www.ikea.com/in/en/p/billy-oxberg-bookcase-combination-w-glass-doors-black-oak-effect-s29483743/
BILLY,https://www.ikea.com/in/en/p/billy-bookcase-white-70522044/
BRIMNES,https://www.ikea.com/in/en/p/brimnes-bookcase-white-10351686/
BILLY / OXBERG,https://www.ikea.com/in/en/p/billy-oxberg-bookcase-with-panel-glass-door-white-glass-s79528348/
KALLAX,https://www.ikea.com/in/en/p/kallax-shelving-unit-white-20351884/
HEMNES,https://www.ikea.com/in/en/p/hemnes-glass-door-cabinet-with-3-drawers-grey-green-light-brown-stained-80596162/
KALLAX,https://www.ikea.com/in/en/p/kallax-shelving-unit-with-underframe-dark-green-black-s89569692/
LERBERG,https://www.ikea.com/in/en/p/lerberg-shelf-unit-dark-grey-60186401/
BILLY / OXBERG,https://www.ikea.com/in/en/p/billy-oxberg-bookcase-with-glass-door-white-glass-s59545358/
BILLY / OXBERG,https://www.ikea.com/in/en/p/billy-oxberg-bookcase-with-doors-white-s49528340/
KALLAX / LINNMON,https://www.ikea.com/in/en/p/kallax-linnmon-desk-combination-white-s09483447/
KALLAX,https://www.ikea.com/in/en/p/kallax-shelving-unit-white-60351882/
HYLLIS,https://www.ikea.com/in/en/p/hyllis-shelving-unit-in-outdoor-10428327/
BILLY / OXBERG,https://www.ikea.com/in/en/p/billy-oxberg-bookcase-with-door-white-s09528342/
LACK,https://www.ikea.com/in/en/p/lack-wall-shelf-white-30282178/
JONAXEL,https://www.ikea.com/in/en/p/jonaxel-shelving-unit-white-70431317/
BILLY,https://www.ikea.com/in/en/p/billy-bookcase-with-drawer-white-s59545297/
BURHULT / SIBBHULT,https://www.ikea.com/in/en/p/burhult-sibbhult-wall-shelf-combination-white-white-s69326100/
BURHULT,https://www.ikea.com/in/en/p/burhult-shelf-white-70430520/
BILLY / OXBERG,https://www.ikea.com/in/en/p/billy-oxberg-bookcase-with-glass-doors-white-s39545359/
BILLY / OXBERG,https://www.ikea.com/in/en/p/billy-oxberg-bookcase-with-doors-black-oak-effect-s49483638/
KALLAX,https://www.ikea.com/in/en/p/kallax-insert-with-1-shelf-white-10423725/
VITTSJÖ,https://www.ikea.com/in/en/p/vittsjoe-shelving-unit-yellow-glass-50595545/
HEMNES,https://www.ikea.com/in/en/p/hemnes-bookcase-grey-green-light-brown-stained-20596160/
KALLAX,https://www.ikea.com/in/en/p/kallax-shelving-unit-with-underframe-white-white-s89471676/
BILLY,https://www.ikea.com/in/en/p/billy-bookcase-white-s09545327/
KALLAX,https://www.ikea.com/in/en/p/kallax-shelving-unit-with-underframe-white-white-s29475837/
VITTSJÖ,https://www.ikea.com/in/en/p/vittsjoe-storage-combination-black-brown-glass-s69294533/
EKET,https://www.ikea.com/in/en/p/eket-cabinet-w-door-and-1-shelf-white-70333939/
SKRUVBY,https://www.ikea.com/in/en/p/skruvby-storage-combination-black-blue-s69561338/
VARBY,https://www.ikea.com/in/en/p/varby-corner-shelf-unit-medium-brown-00417579/
KALLAX,https://www.ikea.com/in/en/p/kallax-shelving-unit-black-brown-50351892/
EKET,https://www.ikea.com/in/en/p/eket-cabinet-white-30332121/
BILLY,https://www.ikea.com/in/en/p/billy-bookcase-combination-oak-effect-s09526885/
BILLY / HÖGBO,https://www.ikea.com/in/en/p/billy-hoegbo-bookcase-combination-w-glass-doors-white-s49545354/
KALLAX,https://www.ikea.com/in/en/p/kallax-shelving-unit-with-underframe-black-brown-black-s89443952/
BILLY / OXBERG,https://www.ikea.com/in/en/p/billy-oxberg-bookcase-with-panel-glass-doors-white-s29545388/
SKRUVBY,https://www.ikea.com/in/en/p/skruvby-storage-combination-black-blue-s69494725/